{
  "name": "{{Dataset_Name}}",
  "compatibilityLevel": 1604,
  "model": {
    "name": "{{Dataset_Name}}",
    "culture": "en-US",
    "collation": "Latin1_General_100_BIN2_UTF8",
    "dataAccessOptions": {
      "legacyRedirects": true,
      "returnErrorValuesAsNull": true
    },
    "defaultPowerBIDataSourceVersion": "powerBI_V3",
    "sourceQueryCulture": "en-US",
    "tables": [
      {
        "name": "wwi_categories",
        "sourceLineageTag": "[dbo].[wwi_categories]",
        "columns": [
          {
            "name": "CategoryID",
            "dataType": "int64",
            "sourceColumn": "CategoryID",
            "formatString": "0",
            "sourceProviderType": "int",
            "sourceLineageTag": "CategoryID",
            "summarizeBy": "sum",
            "annotations": [
              {
                "name": "SummarizationSetBy",
                "value": "Automatic"
              }
            ]
          },
          {
            "name": "CategoryName",
            "dataType": "string",
            "sourceColumn": "CategoryName",
            "sourceProviderType": "varchar",
            "sourceLineageTag": "CategoryName",
            "summarizeBy": "none",
            "annotations": [
              {
                "name": "SummarizationSetBy",
                "value": "Automatic"
              }
            ]
          },
          {
            "name": "Description",
            "dataType": "string",
            "sourceColumn": "Description",
            "sourceProviderType": "varchar",
            "sourceLineageTag": "Description",
            "summarizeBy": "none",
            "annotations": [
              {
                "name": "SummarizationSetBy",
                "value": "Automatic"
              }
            ]
          },
          {
            "name": "Picture",
            "dataType": "string",
            "sourceColumn": "Picture",
            "sourceProviderType": "varchar",
            "sourceLineageTag": "Picture",
            "summarizeBy": "none",
            "annotations": [
              {
                "name": "SummarizationSetBy",
                "value": "Automatic"
              }
            ]
          }
        ],
        "partitions": [
          {
            "name": "{{Partition_Name}}",
            "mode": "directLake",
            "source": {
              "type": "entity",
              "entityName": "wwi_categories",
              "expressionSource": "DatabaseQuery",
              "schemaName": "dbo"
            }
          }
        ],
        "annotations": [
          {
            "name": "IsTableInBiModel",
            "value": "True"
          }
        ]
      },
      {
        "name": "wwi_customers",
        "sourceLineageTag": "[dbo].[wwi_customers]",
        "columns": [
          {
            "name": "CustomerID",
            "dataType": "string",
            "sourceColumn": "CustomerID",
            "sourceProviderType": "varchar",
            "sourceLineageTag": "CustomerID",
            "summarizeBy": "none",
            "annotations": [
              {
                "name": "SummarizationSetBy",
                "value": "Automatic"
              }
            ]
          },
          {
            "name": "CompanyName",
            "dataType": "string",
            "sourceColumn": "CompanyName",
            "sourceProviderType": "varchar",
            "sourceLineageTag": "CompanyName",
            "summarizeBy": "none",
            "annotations": [
              {
                "name": "SummarizationSetBy",
                "value": "Automatic"
              }
            ]
          },
          {
            "name": "ContactName",
            "dataType": "string",
            "sourceColumn": "ContactName",
            "sourceProviderType": "varchar",
            "sourceLineageTag": "ContactName",
            "summarizeBy": "none",
            "annotations": [
              {
                "name": "SummarizationSetBy",
                "value": "Automatic"
              }
            ]
          },
          {
            "name": "ContactTitle",
            "dataType": "string",
            "sourceColumn": "ContactTitle",
            "sourceProviderType": "varchar",
            "sourceLineageTag": "ContactTitle",
            "summarizeBy": "none",
            "annotations": [
              {
                "name": "SummarizationSetBy",
                "value": "Automatic"
              }
            ]
          },
          {
            "name": "Address",
            "dataType": "string",
            "sourceColumn": "Address",
            "sourceProviderType": "varchar",
            "sourceLineageTag": "Address",
            "summarizeBy": "none",
            "annotations": [
              {
                "name": "SummarizationSetBy",
                "value": "Automatic"
              }
            ]
          },
          {
            "name": "City",
            "dataType": "string",
            "sourceColumn": "City",
            "sourceProviderType": "varchar",
            "sourceLineageTag": "City",
            "summarizeBy": "none",
            "annotations": [
              {
                "name": "SummarizationSetBy",
                "value": "Automatic"
              }
            ]
          },
          {
            "name": "Country",
            "dataType": "string",
            "sourceColumn": "Country",
            "sourceProviderType": "varchar",
            "sourceLineageTag": "Country",
            "summarizeBy": "none",
            "annotations": [
              {
                "name": "SummarizationSetBy",
                "value": "Automatic"
              }
            ]
          }
        ],
        "partitions": [
          {
            "name": "{{Partition_Name}}",
            "mode": "directLake",
            "source": {
              "type": "entity",
              "entityName": "wwi_customers",
              "expressionSource": "DatabaseQuery",
              "schemaName": "dbo"
            }
          }
        ],
        "annotations": [
          {
            "name": "IsTableInBiModel",
            "value": "True"
          }
        ]
      },
      {
        "name": "wwi_date",
        "sourceLineageTag": "[dbo].[wwi_date]",
        "dataCategory": "Time",
        "columns": [
          {
            "name": "Date",
            "dataType": "dateTime",
            "isKey": true,
            "sourceColumn": "Date",
            "formatString": "General Date",
            "sourceProviderType": "date",
            "sourceLineageTag": "Date",
            "summarizeBy": "none",
            "annotations": [
              {
                "name": "SummarizationSetBy",
                "value": "Automatic"
              }
            ]
          },
          {
            "name": "Day",
            "dataType": "int64",
            "sourceColumn": "Day",
            "formatString": "0",
            "sourceProviderType": "int",
            "sourceLineageTag": "Day",
            "summarizeBy": "none",
            "annotations": [
              {
                "name": "SummarizationSetBy",
                "value": "Automatic"
              }
            ]
          },
          {
            "name": "MonthName",
            "dataType": "string",
            "sourceColumn": "MonthName",
            "sourceProviderType": "varchar",
            "sourceLineageTag": "MonthName",
            "summarizeBy": "none",
            "annotations": [
              {
                "name": "SummarizationSetBy",
                "value": "Automatic"
              }
            ]
          },
          {
            "name": "MonthNumber",
            "dataType": "int64",
            "sourceColumn": "MonthNumber",
            "formatString": "0",
            "sourceProviderType": "int",
            "sourceLineageTag": "MonthNumber",
            "summarizeBy": "none",
            "annotations": [
              {
                "name": "SummarizationSetBy",
                "value": "Automatic"
              }
            ]
          },
          {
            "name": "Quarter",
            "dataType": "int64",
            "sourceColumn": "Quarter",
            "formatString": "0",
            "sourceProviderType": "int",
            "sourceLineageTag": "Quarter",
            "summarizeBy": "none",
            "annotations": [
              {
                "name": "SummarizationSetBy",
                "value": "Automatic"
              }
            ]
          },
          {
            "name": "Year",
            "dataType": "int64",
            "sourceColumn": "Year",
            "formatString": "0",
            "sourceProviderType": "int",
            "sourceLineageTag": "Year",
            "summarizeBy": "none",
            "annotations": [
              {
                "name": "SummarizationSetBy",
                "value": "Automatic"
              }
            ]
          }
        ],
        "partitions": [
          {
            "name": "{{Partition_Name}}",
            "mode": "directLake",
            "source": {
              "type": "entity",
              "entityName": "wwi_date",
              "expressionSource": "DatabaseQuery",
              "schemaName": "dbo"
            }
          }
        ],
        "annotations": [
          {
            "name": "IsTableInBiModel",
            "value": "True"
          }
        ]
      },
      {
        "name": "wwi_factorders",
        "sourceLineageTag": "[dbo].[wwi_factorders]",
        "columns": [
          {
            "name": "OrderID",
            "dataType": "int64",
            "sourceColumn": "OrderID",
            "formatString": "0",
            "sourceProviderType": "bigint",
            "sourceLineageTag": "OrderID",
            "summarizeBy": "none",
            "annotations": [
              {
                "name": "SummarizationSetBy",
                "value": "Automatic"
              }
            ]
          },
          {
            "name": "CustomerID",
            "dataType": "string",
            "sourceColumn": "CustomerID",
            "sourceProviderType": "varchar",
            "sourceLineageTag": "CustomerID",
            "summarizeBy": "none",
            "annotations": [
              {
                "name": "SummarizationSetBy",
                "value": "Automatic"
              }
            ]
          },
          {
            "name": "EmployeeID",
            "dataType": "int64",
            "sourceColumn": "EmployeeID",
            "formatString": "0",
            "sourceProviderType": "bigint",
            "sourceLineageTag": "EmployeeID",
            "summarizeBy": "count",
            "annotations": [
              {
                "name": "SummarizationSetBy",
                "value": "Automatic"
              }
            ]
          },
          {
            "name": "OrderDate",
            "dataType": "dateTime",
            "sourceColumn": "OrderDate",
            "formatString": "General Date",
            "sourceProviderType": "date",
            "sourceLineageTag": "OrderDate",
            "summarizeBy": "none",
            "annotations": [
              {
                "name": "SummarizationSetBy",
                "value": "Automatic"
              }
            ]
          },
          {
            "name": "RequiredDate",
            "dataType": "dateTime",
            "sourceColumn": "RequiredDate",
            "formatString": "General Date",
            "sourceProviderType": "date",
            "sourceLineageTag": "RequiredDate",
            "summarizeBy": "none",
            "annotations": [
              {
                "name": "SummarizationSetBy",
                "value": "Automatic"
              }
            ]
          },
          {
            "name": "ShippedDate",
            "dataType": "dateTime",
            "sourceColumn": "ShippedDate",
            "formatString": "General Date",
            "sourceProviderType": "date",
            "sourceLineageTag": "ShippedDate",
            "summarizeBy": "none",
            "annotations": [
              {
                "name": "SummarizationSetBy",
                "value": "Automatic"
              }
            ]
          },
          {
            "name": "ShipVia",
            "dataType": "int64",
            "sourceColumn": "ShipVia",
            "formatString": "0",
            "sourceProviderType": "bigint",
            "sourceLineageTag": "ShipVia",
            "summarizeBy": "none",
            "annotations": [
              {
                "name": "SummarizationSetBy",
                "value": "Automatic"
              }
            ]
          },
          {
            "name": "Freight",
            "dataType": "double",
            "sourceColumn": "Freight",
            "sourceProviderType": "float",
            "sourceLineageTag": "Freight",
            "summarizeBy": "sum",
            "annotations": [
              {
                "name": "SummarizationSetBy",
                "value": "Automatic"
              },
              {
                "name": "PBI_FormatHint",
                "value": "{\"isGeneralNumber\":true}"
              }
            ]
          },
          {
            "name": "ShipName",
            "dataType": "string",
            "sourceColumn": "ShipName",
            "sourceProviderType": "varchar",
            "sourceLineageTag": "ShipName",
            "summarizeBy": "none",
            "annotations": [
              {
                "name": "SummarizationSetBy",
                "value": "Automatic"
              }
            ]
          },
          {
            "name": "ShipAddress",
            "dataType": "string",
            "sourceColumn": "ShipAddress",
            "sourceProviderType": "varchar",
            "sourceLineageTag": "ShipAddress",
            "summarizeBy": "none",
            "annotations": [
              {
                "name": "SummarizationSetBy",
                "value": "Automatic"
              }
            ]
          },
          {
            "name": "Country",
            "dataType": "string",
            "sourceColumn": "Country",
            "sourceProviderType": "varchar",
            "sourceLineageTag": "Country",
            "summarizeBy": "none",
            "annotations": [
              {
                "name": "SummarizationSetBy",
                "value": "Automatic"
              }
            ]
          }
        ],
        "partitions": [
          {
            "name": "{{Partition_Name}}",
            "mode": "directLake",
            "source": {
              "type": "entity",
              "entityName": "wwi_factorders",
              "expressionSource": "DatabaseQuery",
              "schemaName": "dbo"
            }
          }
        ],
        "annotations": [
          {
            "name": "IsTableInBiModel",
            "value": "True"
          }
        ]
      },
      {
        "name": "wwi_products",
        "sourceLineageTag": "[dbo].[wwi_products]",
        "columns": [
          {
            "name": "ProductID",
            "dataType": "int64",
            "sourceColumn": "ProductID",
            "formatString": "0",
            "sourceProviderType": "bigint",
            "sourceLineageTag": "ProductID",
            "summarizeBy": "none",
            "annotations": [
              {
                "name": "SummarizationSetBy",
                "value": "Automatic"
              }
            ]
          },
          {
            "name": "ProductName",
            "dataType": "string",
            "sourceColumn": "ProductName",
            "sourceProviderType": "varchar",
            "sourceLineageTag": "ProductName",
            "summarizeBy": "none",
            "annotations": [
              {
                "name": "SummarizationSetBy",
                "value": "Automatic"
              }
            ]
          },
          {
            "name": "SupplierID",
            "dataType": "int64",
            "sourceColumn": "SupplierID",
            "formatString": "0",
            "sourceProviderType": "bigint",
            "sourceLineageTag": "SupplierID",
            "summarizeBy": "count",
            "annotations": [
              {
                "name": "SummarizationSetBy",
                "value": "Automatic"
              }
            ]
          },
          {
            "name": "CategoryID",
            "dataType": "int64",
            "sourceColumn": "CategoryID",
            "formatString": "0",
            "sourceProviderType": "bigint",
            "sourceLineageTag": "CategoryID",
            "summarizeBy": "none",
            "annotations": [
              {
                "name": "SummarizationSetBy",
                "value": "Automatic"
              }
            ]
          },
          {
            "name": "QuantityPerUnit",
            "dataType": "string",
            "sourceColumn": "QuantityPerUnit",
            "sourceProviderType": "varchar",
            "sourceLineageTag": "QuantityPerUnit",
            "summarizeBy": "none",
            "annotations": [
              {
                "name": "SummarizationSetBy",
                "value": "Automatic"
              }
            ]
          },
          {
            "name": "UnitPrice",
            "dataType": "double",
            "sourceColumn": "UnitPrice",
            "formatString": "0.00",
            "sourceProviderType": "float",
            "sourceLineageTag": "UnitPrice",
            "summarizeBy": "none",
            "changedProperties": [
              {
                "property": "FormatString"
              }
            ],
            "annotations": [
              {
                "name": "SummarizationSetBy",
                "value": "Automatic"
              }
            ]
          },
          {
            "name": "UnitsInStock",
            "dataType": "int64",
            "sourceColumn": "UnitsInStock",
            "formatString": "0",
            "sourceProviderType": "bigint",
            "sourceLineageTag": "UnitsInStock",
            "summarizeBy": "sum",
            "annotations": [
              {
                "name": "SummarizationSetBy",
                "value": "Automatic"
              }
            ]
          },
          {
            "name": "UnitsOnOrder",
            "dataType": "int64",
            "sourceColumn": "UnitsOnOrder",
            "formatString": "0",
            "sourceProviderType": "bigint",
            "sourceLineageTag": "UnitsOnOrder",
            "summarizeBy": "sum",
            "annotations": [
              {
                "name": "SummarizationSetBy",
                "value": "Automatic"
              }
            ]
          },
          {
            "name": "ReorderLevel",
            "dataType": "int64",
            "sourceColumn": "ReorderLevel",
            "formatString": "0",
            "sourceProviderType": "bigint",
            "sourceLineageTag": "ReorderLevel",
            "summarizeBy": "sum",
            "annotations": [
              {
                "name": "SummarizationSetBy",
                "value": "Automatic"
              }
            ]
          }
        ],
        "partitions": [
          {
            "name": "{{Partition_Name}}",
            "mode": "directLake",
            "source": {
              "type": "entity",
              "entityName": "wwi_products",
              "expressionSource": "DatabaseQuery",
              "schemaName": "dbo"
            }
          }
        ],
        "annotations": [
          {
            "name": "IsTableInBiModel",
            "value": "True"
          }
        ]
      },
      {
        "name": "wwi_shippers",
        "sourceLineageTag": "[dbo].[wwi_shippers]",
        "columns": [
          {
            "name": "ShipperID",
            "dataType": "int64",
            "sourceColumn": "ShipperID",
            "formatString": "0",
            "sourceProviderType": "int",
            "sourceLineageTag": "ShipperID",
            "summarizeBy": "sum",
            "annotations": [
              {
                "name": "SummarizationSetBy",
                "value": "Automatic"
              }
            ]
          },
          {
            "name": "CompanyName",
            "dataType": "string",
            "sourceColumn": "CompanyName",
            "sourceProviderType": "varchar",
            "sourceLineageTag": "CompanyName",
            "summarizeBy": "none",
            "annotations": [
              {
                "name": "SummarizationSetBy",
                "value": "Automatic"
              }
            ]
          },
          {
            "name": "Phone",
            "dataType": "string",
            "sourceColumn": "Phone",
            "sourceProviderType": "varchar",
            "sourceLineageTag": "Phone",
            "summarizeBy": "none",
            "annotations": [
              {
                "name": "SummarizationSetBy",
                "value": "Automatic"
              }
            ]
          }
        ],
        "partitions": [
          {
            "name": "{{Partition_Name}}",
            "mode": "directLake",
            "source": {
              "type": "entity",
              "entityName": "wwi_shippers",
              "expressionSource": "DatabaseQuery",
              "schemaName": "dbo"
            }
          }
        ],
        "annotations": [
          {
            "name": "IsTableInBiModel",
            "value": "True"
          }
        ]
      },
      {
        "name": "www_orderdetails",
        "sourceLineageTag": "[dbo].[www_orderdetails]",
        "columns": [
          {
            "name": "OrderID",
            "dataType": "int64",
            "sourceColumn": "OrderID",
            "formatString": "0",
            "sourceProviderType": "bigint",
            "sourceLineageTag": "OrderID",
            "summarizeBy": "none",
            "annotations": [
              {
                "name": "SummarizationSetBy",
                "value": "Automatic"
              }
            ]
          },
          {
            "name": "ProductID",
            "dataType": "int64",
            "sourceColumn": "ProductID",
            "formatString": "0",
            "sourceProviderType": "bigint",
            "sourceLineageTag": "ProductID",
            "summarizeBy": "none",
            "annotations": [
              {
                "name": "SummarizationSetBy",
                "value": "Automatic"
              }
            ]
          },
          {
            "name": "Quantity",
            "dataType": "int64",
            "sourceColumn": "Quantity",
            "formatString": "0",
            "sourceProviderType": "bigint",
            "sourceLineageTag": "Quantity",
            "summarizeBy": "sum",
            "annotations": [
              {
                "name": "SummarizationSetBy",
                "value": "Automatic"
              }
            ]
          },
          {
            "name": "SalesAmount",
            "dataType": "double",
            "sourceColumn": "SalesAmount",
            "formatString": "\"€\"\\ #,0.00;-\"€\"\\ #,0.00;\"€\"\\ #,0.00",
            "sourceProviderType": "decimal",
            "sourceLineageTag": "SalesAmount",
            "summarizeBy": "sum",
            "changedProperties": [
              {
                "property": "FormatString"
              }
            ],
            "annotations": [
              {
                "name": "SummarizationSetBy",
                "value": "Automatic"
              }
            ]
          },
          {
            "name": "UnitPrice",
            "dataType": "double",
            "sourceColumn": "UnitPrice",
            "formatString": "0.00",
            "sourceProviderType": "decimal",
            "sourceLineageTag": "UnitPrice",
            "summarizeBy": "none",
            "changedProperties": [
              {
                "property": "FormatString"
              }
            ],
            "annotations": [
              {
                "name": "SummarizationSetBy",
                "value": "Automatic"
              }
            ]
          }
        ],
        "partitions": [
          {
            "name": "{{Partition_Name}}",
            "mode": "directLake",
            "source": {
              "type": "entity",
              "entityName": "www_orderdetails",
              "expressionSource": "DatabaseQuery",
              "schemaName": "dbo"
            }
          }
        ],
        "measures": [
          {
            "name": "Total Sales",
            "expression": "SUMX(www_orderdetails, [UnitPrice] * [Quantity])",
            "formatString": "\"€\"\\ #,0.00;-\"€\"\\ #,0.00;\"€\"\\ #,0.00",
            "lineageTag": "22785fb7-067b-4ce5-886c-8c0eec47973d",
            "changedProperties": [
              {
                "property": "Name"
              },
              {
                "property": "FormatString"
              }
            ]
          },
          {
            "name": "Total Product Sold",
            "expression": "SUM(www_orderdetails[Quantity])",
            "formatString": "0",
            "lineageTag": "4de34268-081e-4401-8650-0fc42af4516b",
            "changedProperties": [
              {
                "property": "Name"
              }
            ]
          },
          {
            "name": "Total Orders",
            "expression": "COUNTROWS(wwi_factorders)",
            "formatString": "0",
            "lineageTag": "e02874b8-5829-4e76-95ef-7077d8c80cc2",
            "changedProperties": [
              {
                "property": "Name"
              }
            ]
          },
          {
            "name": "Avg Order Value",
            "expression": "Divide([Total Sales],[Total Orders])",
            "formatString": "0.00%;-0.00%;0.00%",
            "lineageTag": "58aa980d-2896-48c3-b48b-fcb04062265b",
            "changedProperties": [
              {
                "property": "Name"
              },
              {
                "property": "FormatString"
              }
            ]
          }
        ],
        "annotations": [
          {
            "name": "IsTableInBiModel",
            "value": "True"
          }
        ]
      }
    ],
    "relationships": [
      {
        "name": "1592b41ad167c2c0f637804366197aa5",
        "fromTable": "wwi_shippers",
        "fromColumn": "ShipperID",
        "toTable": "wwi_factorders",
        "toColumn": "ShipVia"
      },
      {
        "name": "39d17244ed11126c78c871256c6e937e",
        "fromTable": "wwi_products",
        "fromColumn": "UnitPrice",
        "toTable": "www_orderdetails",
        "toColumn": "UnitPrice"
      },
      {
        "name": "3a6ee603b4d52f33ce879634266546c1",
        "fromTable": "wwi_products",
        "fromColumn": "CategoryID",
        "toTable": "wwi_categories",
        "toColumn": "CategoryID"
      },
      {
        "name": "6f1a28cec2fe49034303481c4b36e85f",
        "fromTable": "wwi_factorders",
        "fromColumn": "CustomerID",
        "toTable": "wwi_customers",
        "toColumn": "CustomerID"
      },
      {
        "name": "7c9d56f4c30046399e50effe246e57be",
        "fromTable": "wwi_factorders",
        "fromColumn": "OrderID",
        "toTable": "www_orderdetails",
        "toColumn": "OrderID"
      },
      {
        "name": "b3a62e3e74d3dafee35b0165a1f64ad0",
        "fromTable": "www_orderdetails",
        "fromColumn": "ProductID",
        "toTable": "wwi_products",
        "toColumn": "ProductID"
      },
      {
        "name": "c9327a1a5b957b3609c9c6202ac01c19",
        "fromTable": "wwi_factorders",
        "fromColumn": "OrderDate",
        "toTable": "wwi_date",
        "toColumn": "Date"
      }
    ],
    "expressions": [
      {
        "name": "DatabaseQuery",
        "kind": "m",
        "expression": "let\n    database = {{TDS_Endpoint}}\nin\n    database\n"
      }
    ],
    "annotations": [
      {
        "name": "__PBI_TimeIntelligenceEnabled",
        "value": "0"
      },
      {
        "name": "SourceLineageTagType",
        "value": "DatabaseFullyQualifiedName"
      }
    ]
  }
}